city,latd,longd,elevation_m,elevation_ft,population_total,area_total_sq_mi,area_land_sq_mi,area_water_sq_mi,area_total_km2,area_land_km2,area_water_km2,area_water_percent
Adelanto,34.5761111111111,-117.432777777778,875.0,2871.0,31765.0,56.027,56.009,0.018,145.107,145.062,0.046,0.03
AgouraHills,34.1533333333333,-118.761666666667,281.0,922.0,20330.0,7.822,7.793,0.029,20.26,20.184,0.076,0.37
Alameda,37.7561111111111,-122.274444444444,,33.0,75467.0,22.96,10.611,12.349,59.465,27.482,31.983,
Albany,37.8869444444444,-122.297777777778,,43.0,18969.0,5.465,1.788,3.677,14.155,4.632,9.524,
Alhambra,34.0819444444444,-118.135,150.0,492.0,83089.0,7.632,7.631,0.001,19.766,19.763,0.003,
AlisoViejo,33.575,-117.725555555556,127.0,417.0,47823.0,7.472,7.472,0.0,19.352,19.352,0.0,0.0
Alturas,41.4872222222222,-120.5425,1332.0,4370.0,2827.0,2.449,2.435,0.014,6.342,6.306,0.036,0.57
AmadorCity,38.4194444444444,-120.824166666667,280.0,919.0,185.0,0.314,0.314,0.0,0.813,0.813,0.0,0.0
AmericanCanyon,38.1680555555556,-122.2525,14.0,46.0,19454.0,4.845,4.837,0.008,12.548,12.527,0.021,0.17
Anaheim,33.8361111111111,-117.889722222222,48.0,157.0,336000.0,50.811,49.835,0.976,131.6,129.073,2.527,1.92
Anderson,40.4522222222222,-122.296666666667,132.0,430.0,9932.0,6.62,6.372,0.248,17.145,16.504,0.642,3.74
AngelsCamp,38.0683333333333,-120.539722222222,420.0,1378.0,3836.0,3.637,3.628,0.009,9.421,9.397,0.024,0.25
Antioch,38.005,-121.805833333333,13.0,43.0,107100.0,29.083,28.349,0.734,75.324,73.422,1.902,2.52
AppleValley,34.5166666666667,-117.216666666667,898.0,2946.0,69135.0,73.523,73.193,0.33,190.426,189.57,0.856,0.45
Arcadia,34.1327777777778,-118.036388888889,147.0,482.0,56364.0,11.133,10.925,0.208,28.836,28.296,0.54,1.87
Arcata,40.8663888888889,-124.082777777778,,23.0,17231.0,10.994,9.097,1.897,28.473,23.561,4.912,17.25
ArroyoGrande,35.1208333333333,-120.586666666667,36.0,118.0,17716.0,5.835,5.835,0.0,15.113,15.113,0.0,0.0
Artesia,33.8672222222222,-118.080555555556,16.0,52.0,16522.0,1.621,1.621,0.0,4.197,4.197,0.0,0.0
Arvin,35.2091666666667,-118.828333333333,137.0,449.0,19304.0,4.819,4.819,0.0,12.482,12.482,0.0,0.0
Atascadero,35.4841666666667,-120.6725,268.0,879.0,28310.0,26.13,25.641,0.489,67.675,66.409,1.265,1.87
Atherton,37.4586111111111,-122.2,18.0,59.0,6914.0,5.049,5.017,0.032,13.076,12.993,0.082,0.63
Atwater,37.3477777777778,-120.609166666667,46.0,151.0,28168.0,6.096,6.087,0.009,15.788,15.766,0.022,0.14
Auburn,38.8986111111111,-121.074444444444,374.0,1227.0,13330.0,7.166,7.138,0.028,18.56,18.488,0.071,0.38
Avalon,,,,,,,,,,,,
Avenal,,,,,,,,,,,,
Azusa,34.1305555555556,-117.906944444444,186.0,610.0,46361.0,9.669,9.656,0.013,25.042,25.01,0.032,0.13
Bakersfield,35.3666666666667,,,404.0,347483.0,143.609,142.164,1.445,371.946,368.204,3.742,
BaldwinPark,34.0827777777778,,114.0,374.0,75390.0,6.786,6.631,0.155,17.575,17.174,0.4,
Banning,33.9316666666667,,716.0,2349.0,29603.0,23.099,23.099,0.0,59.826,59.826,0.0,0.0
Barstow,34.9,-117.016666666667,664.0,2178.0,22639.0,41.394,41.385,0.009,107.209,107.186,0.023,0.02
Beaumont,33.9241666666667,-116.973611111111,796.0,2612.0,36877.0,30.926,30.912,0.014,80.098,80.062,0.036,0.04
Bell,33.9833333333333,-118.183333333333,43.0,141.0,35477.0,2.62,2.501,0.119,6.783,6.476,0.307,4.53
Bellflower,33.8880555555556,-118.1275,22.0,71.0,76616.0,6.17,6.117,0.053,15.981,15.843,0.138,0.86
BellGardens,33.9680555555556,-118.156111111111,37.0,121.0,42072.0,2.463,2.459,0.004,6.379,6.368,0.012,0.18
Belmont,37.5180555555556,-122.291666666667,13.0,43.0,25835.0,4.63,4.621,0.009,11.992,11.97,0.022,0.19
Belvedere,37.8727777777778,-122.464444444444,11.0,36.0,2068.0,2.406,0.519,1.887,6.234,1.345,4.889,78.42
Benicia,38.0633333333333,-122.156111111111,8.0,26.0,26997.0,15.72,12.929,2.791,40.714,33.486,7.229,17.75
Berkeley,37.8716666666667,-122.272777777778,200.0,660.0,112580.0,17.696,10.47,7.226,45.833,27.118,18.716,40.83
BeverlyHills,34.0730555555556,-118.399444444444,79.0,259.0,34290.0,5.71,5.708,0.002,14.79,14.784,0.006,0.04
BigBearLake,34.2413888888889,-116.903333333333,2058.0,6752.0,5019.0,6.534,6.346,0.188,16.923,16.435,0.488,2.88
Biggs,39.4138888888889,-121.710277777778,30.0,98.0,1707.0,0.636,0.636,0.0,1.646,1.646,0.0,0.0
Bishop,37.3635,-118.3951,,4150.0,3879.0,1.911,1.864,0.047,4.949,4.827,0.122,2.5
BlueLake,40.8827777777778,-123.983888888889,40.0,131.0,1253.0,0.622,0.592,0.03,1.61,1.533,0.077,4.8
Blythe,33.6102777777778,-114.596388888889,83.0,272.0,20817.0,26.972,26.189,0.783,69.855,67.828,2.027,2.9
Bradbury,34.1494444444444,-117.974444444444,206.0,676.0,1048.0,1.958,1.957,0.001,5.073,5.07,0.003,0.06
Brawley,32.9786111111111,-115.530277777778,-34.0,-112.0,24953.0,7.682,7.682,0.0,19.895,19.895,0.0,0.0
Brea,,-117.888888888889,110.0,361.0,39282.0,12.109,12.078,0.031,31.363,31.283,0.08,0.26
Brentwood,,,,79.0,51481.0,14.805,14.786,0.019,38.345,38.295,0.049,
Brisbane,,,33.0,108.0,4282.0,20.077,3.096,16.981,51.999,8.017,43.981,
Buellton,34.6141666666667,,109.0,358.0,4828.0,1.583,1.582,0.001,4.099,4.098,0.002,0.04
BuenaPark,33.8561111111111,,23.0,75.0,80530.0,10.553,10.524,0.029,27.332,27.257,0.075,0.28
Burbank,34.1802777777778,-118.328333333333,185.0,607.0,103340.0,17.379,17.341,0.038,45.011,44.913,0.098,0.22
Burlingame,37.5833333333333,-122.363611111111,12.0,39.0,28806.0,6.057,4.406,1.651,15.686,11.411,4.275,27.25
Calabasas,34.1383333333333,-118.660833333333,243.0,5.0,23058.0,13.3,13.249,0.051,34.4,34.27,0.131,0.38
Calexico,32.6788888888889,-115.498888888889,,3.0,38572.0,8.391,8.391,0.0,21.733,21.733,0.0,0.0
CaliforniaCity,35.1258333333333,-117.985833333333,733.0,2405.0,14120.0,203.631,203.523,0.108,527.401,527.122,0.279,0.05
Calimesa,33.9880555555556,-117.043055555556,729.0,2392.0,7879.0,14.847,14.847,0.0,38.454,38.454,0.0,0.0
Calipatria,33.1255555555556,-115.514166666667,,-180.0,7705.0,3.716,3.716,0.0,9.624,9.624,0.0,0.0
Calistoga,38.5813888888889,-122.582777777778,106.0,348.0,5155.0,2.613,2.595,0.018,6.769,6.722,0.047,0.7
Camarillo,34.2333333333333,-119.033333333333,54.0,177.0,65201.0,19.543,19.528,0.015,50.617,50.577,0.04,0.08
Campbell,37.2838888888889,-121.955,60.0,197.0,39349.0,5.886,5.798,0.088,15.245,15.017,0.228,1.49
CanyonLake,33.6841666666667,-117.255555555556,422.0,1385.0,10561.0,4.671,3.928,0.743,12.099,10.173,1.926,15.92
Capitola,36.9763888888889,-121.954722222222,4.0,13.0,9918.0,1.676,1.593,0.083,4.34,4.126,0.214,4.92
Carlsbad,33.1219444444444,-117.296944444444,16.0,52.0,105328.0,39.11,37.722,1.388,101.295,97.699,3.596,3.55
CarmelbytheSea,,-121.923333333333,,,3722.0,1.08,1.08,0.0,2.798,2.798,0.0,0.0
Carpinteria,34.3991666666667,-119.516388888889,10.0,33.0,13040.0,9.272,2.586,6.686,24.012,6.697,17.315,
Carson,33.8397222222222,,8.2,27.0,91714.0,18.968,18.724,0.244,49.127,48.495,0.631,
CathedralCity,33.8077777777778,-116.464722222222,100.0,328.0,51200.0,21.756,21.499,0.257,56.349,55.683,0.666,1.18
Ceres,37.6013888888889,-120.957222222222,28.0,92.0,45417.0,8.019,8.011,0.008,20.771,20.749,0.022,0.1
Cerritos,33.8683333333333,-118.0675,14.0,34.0,49041.0,8.856,8.725,0.131,22.937,22.598,0.339,1.48
Chico,39.74,-121.835555555556,74.0,245.0,86187.0,33.095,32.923,0.172,85.716,85.271,0.446,0.52
Chino,34.0177777777778,-117.69,222.0,728.0,77983.0,29.652,29.639,0.013,76.799,76.766,0.033,0.04
ChinoHills,33.9752777777778,-117.723055555556,365.0,1070.0,75655.0,44.749,44.681,0.068,115.899,115.723,0.175,0.15
Chowchilla,37.1166666666667,-120.266666666667,73.0,240.0,18720.0,7.661,7.661,0.0,19.842,19.842,0.0,0.0
ChulaVista,32.6277777777778,-117.048055555556,21.0,69.0,243916.0,52.094,49.631,2.463,134.925,128.545,6.38,4.73
CitrusHeights,38.7,-121.283333333333,50.0,164.0,83301.0,14.228,14.228,0.0,36.851,36.851,0.0,0.0
Claremont,34.11,-117.719722222222,,,34926.0,13.486,13.348,0.138,34.93,34.571,0.358,1.03
Clayton,37.9411111111111,-121.935833333333,120.0,394.0,10897.0,3.836,3.836,0.0,9.935,9.935,0.0,0.0
Clearlake,38.9583333333333,-122.626388888889,432.0,1417.0,15250.0,10.581,10.129,0.452,27.404,26.234,1.17,4.27
Cloverdale,38.7991666666667,-123.017222222222,,335.0,8618.0,2.648,2.648,0.0,6.857,6.857,0.0,0.0
Clovis,36.8252777777778,-119.703055555556,110.0,361.0,101314.0,23.278,23.278,0.0,60.289,60.289,0.0,0.0
Coachella,33.6794444444444,-116.174444444444,-20.74,-66.0,40704.0,28.95,28.95,0.0,74.981,74.981,0.0,0.0
Coalinga,36.1397222222222,-120.360277777778,205.0,673.0,13380.0,6.15,6.119,0.031,15.927,15.847,0.08,0.5
Colfax,39.0972222222222,-120.953888888889,739.0,2425.0,1963.0,1.407,1.407,0.0,3.645,3.645,0.0,0.0
Colma,37.6788888888889,-122.455555555556,37.0,121.0,1792.0,1.909,1.909,0.0,4.945,4.945,0.0,0.0
Colton,34.065,-117.321666666667,306.0,1004.0,52154.0,16.039,15.324,0.715,41.541,39.689,1.852,4.46
Colusa,39.2144444444444,-122.009444444444,16.0,52.0,5971.0,1.834,1.834,0.0,4.751,4.751,0.0,0.0
Commerce,34.0005555555556,-118.154722222222,43.0,141.0,12823.0,6.538,6.537,0.001,16.933,16.93,0.003,0.02
Compton,33.8966666666667,-118.225,21.0,69.0,96455.0,10.116,10.012,0.104,26.202,25.932,0.27,1.03
Concord,37.9780555555556,-122.031111111111,26.0,85.3,122067.0,30.546,30.546,0.0,79.114,79.114,0.0,0.0
Corcoran,36.0980555555556,-119.560277777778,63.0,207.0,25515.0,7.467,7.467,0.0,19.338,19.338,0.0,0.0
Corning,39.9261111111111,-122.180555555556,84.0,276.0,17382.0,3.55,3.55,0.0,9.193,9.193,0.0,0.0
Corona,33.8666666666667,-117.566666666667,206.0,678.0,158391.0,38.93,38.825,0.105,100.829,100.558,0.272,0.27
Coronado,32.6780555555556,-117.1725,6.0,20.0,24697.0,32.666,7.931,24.735,84.603,20.541,64.062,
CorteMadera,37.9255555555556,-122.5275,12.0,39.0,9253.0,4.406,3.164,1.242,11.41,8.193,3.216,
CostaMesa,33.665,-117.912222222222,30.0,98.0,109960.0,15.7,15.654,0.046,40.662,40.543,0.119,0.29
Cotati,38.3277777777778,-122.709166666667,34.0,112.0,7310.0,1.883,1.88,0.003,4.877,4.869,0.008,0.17
Covina,34.0916666666667,-117.879166666667,170.0,558.0,47796.0,7.041,7.026,0.015,18.236,18.196,0.039,0.22
CrescentCity,41.7558333333333,-124.201666666667,,43.0,7643.0,2.415,1.963,0.452,6.255,5.085,1.17,18.7
Cudahy,33.9641666666667,-118.1825,37.0,121.0,23805.0,1.226,1.175,0.051,3.175,3.043,0.132,4.15
CulverCity,34.0077777777778,-118.400833333333,29.0,95.0,38883.0,5.139,5.111,0.028,13.31,13.238,0.072,0.54
Cupertino,37.3175,-122.041944444444,72.0,236.0,58302.0,11.257,11.256,0.001,29.156,29.153,0.003,0.01
Cypress,33.8183333333333,-118.039166666667,12.0,39.0,47802.0,6.59,6.581,0.009,17.069,17.045,0.024,0.14
DalyCity,37.6863888888889,-122.468333333333,57.0,187.0,101123.0,7.664,7.664,0.0,19.849,19.849,0.0,0.0
DanaPoint,33.4672222222222,-117.698055555556,44.0,144.0,33351.0,29.484,6.497,22.987,76.364,16.828,59.536,77.96
Danville,37.8216666666667,-122.0,109.0,358.0,42039.0,18.028,18.028,0.0,46.693,46.693,0.0,0.0
Davis,38.5538888888889,-121.738055555556,16.0,52.0,65622.0,9.919,9.887,0.032,25.69,25.608,0.082,0.32
Delano,35.7688888888889,-119.246944444444,96.0,315.0,53819.0,14.355,14.303,0.052,37.18,37.044,0.135,
DelMar,32.955,-117.263888888889,34.0,112.0,4161.0,1.777,1.707,0.07,4.602,4.421,0.181,
DelReyOaks,36.5933333333333,-121.835,25.0,82.0,1624.0,0.483,0.481,0.002,1.251,1.246,0.005,
DesertHotSprings,,-116.508055555556,328.0,1076.0,25938.0,23.642,23.615,0.027,61.233,61.164,0.069,
DiamondBar,34.0016666666667,-117.820833333333,212.0,696.0,55544.0,14.885,14.88,0.005,38.552,38.538,0.014,0.04
Dinuba,36.545,,102.0,345.0,21453.0,6.47,6.47,0.0,16.758,16.758,0.0,0.0
Dixon,38.4491666666667,-121.826944444444,19.0,62.0,18351.0,7.092,6.996,0.096,18.368,18.118,0.249,1.36
Dorris,41.965,-121.918888888889,1294.0,4245.0,939.0,0.718,0.702,0.016,1.86,1.819,0.041,2.19
DosPalos,36.9833333333333,-120.633333333333,362.0,118.0,4950.0,1.35,1.35,0.0,3.496,3.496,0.0,0.0
Downey,33.9380555555555,-118.130833333333,36.0,118.0,111772.0,12.568,12.408,0.16,32.551,32.137,0.414,1.27
Duarte,34.1402777777778,-117.961666666667,156.0,512.0,21321.0,6.69,6.69,0.0,17.328,17.328,0.0,0.0
Dublin,37.7022222222222,-121.935833333333,,367.0,49890.0,14.912,14.908,0.004,38.622,38.611,0.011,0.03
Dunsmuir,41.2216666666667,-122.273055555556,695.0,2280.0,1650.0,1.735,1.698,0.037,4.494,4.398,0.096,2.14
EastPaloAlto,37.4669444444444,-122.139722222222,6.0,20.0,28155.0,2.612,2.505,0.107,6.766,6.488,0.278,4.11
Eastvale,33.9630555555556,-117.563888888889,,627.0,53668.0,11.445,11.405,0.04,29.644,29.539,0.104,0.35
ElCajon,32.7983333333333,-116.96,133.0,436.0,99478.0,14.433,14.433,0.0,37.381,37.381,0.0,0.0
ElCentro,32.8,-115.566666666667,-12.0,-39.0,42598.0,11.099,11.081,0.018,28.746,28.7,0.046,0.16
ElCerrito,37.9158333333333,-122.311666666667,,69.0,23549.0,3.688,3.688,0.0,9.551,9.551,0.0,0.0
ElkGrove,38.4383333333333,-121.381944444444,14.0,45.0,153015.0,42.239,42.19,0.049,109.398,109.271,0.127,0.12
ElMonte,34.0733333333333,-118.0275,91.0,299.0,113475.0,9.648,9.562,0.086,24.988,24.766,0.222,0.89
ElSegundo,33.9213888888889,-118.406111111111,35.0,115.0,16654.0,5.465,5.463,0.002,14.152,14.148,0.004,0.03
Emeryville,37.8313888888889,-122.285277777778,7.0,23.0,10080.0,2.01,1.246,0.764,5.206,3.226,1.979,38.02
Encinitas,33.0444444444444,-117.271666666667,25.0,82.0,59518.0,19.99,18.812,1.178,51.772,48.722,3.05,5.89
Escalon,37.7916666666667,-120.991666666667,36.0,118.0,7266.0,2.368,2.301,0.067,6.134,5.959,0.175,
Escondido,,-117.080833333333,197.0,646.0,143911.0,36.989,36.813,0.176,95.801,95.345,0.456,
Etna,41.4572222222222,-122.896944444444,895.0,2936.0,737.0,0.759,0.758,0.001,1.965,1.962,0.002,0.12
Eureka,,,,39.0,27191.0,14.454,9.384,5.07,37.435,24.305,13.13,35.07
Exeter,36.2941666666667,-119.142777777778,119.0,390.0,10334.0,2.463,2.463,0.0,6.379,6.379,0.0,0.0
Fairfax,37.9872222222222,-122.588888888889,35.0,115.0,7441.0,2.204,2.204,0.0,5.707,5.707,0.0,0.0
Fairfield,38.2577777777778,-122.054166666667,4.0,13.0,108321.0,37.635,34.39,3.245,97.475,94.839,2.635,5.65
Farmersville,36.3011111111111,-119.2075,109.0,358.0,10588.0,2.258,2.258,0.0,5.849,5.849,0.0,0.0
Ferndale,40.5766666666667,-124.263333333333,17.0,56.0,1371.0,1.027,1.027,0.0,2.659,2.659,0.0,0.0
Fillmore,34.4013888888889,-118.917777777778,139.0,456.0,15002.0,3.365,3.364,0.001,8.715,8.712,0.003,0.03
Firebaugh,36.8588888888889,-120.456111111111,46.0,151.0,7549.0,3.519,3.462,0.057,9.114,8.967,0.148,1.62
Folsom,38.6722222222222,-121.157777777778,67.0,220.0,72203.0,24.301,21.945,2.356,62.939,56.838,6.101,9.69
Fontana,34.1,-117.466666666667,377.0,1237.0,201812.0,42.432,42.432,3.0,109.899,109.899,6.0,3.0
FortBragg,39.4458333333333,-123.805277777778,26.0,85.0,7273.0,2.8,2.7,,7.2,7.1,0.1,
FortJones,41.6072222222222,-122.841944444444,842.0,2762.0,839.0,0.602,0.602,0.0,1.56,1.56,0.0,0.0
Fortuna,40.5980555555556,-124.157222222222,20.0,66.0,11926.0,4.845,4.845,0.0,12.549,12.549,0.0,0.0
FosterCity,37.5513888888889,-122.266388888889,2.0,7.0,30567.0,19.841,3.756,16.085,51.388,9.729,41.659,81.07
FountainValley,33.7086111111111,-117.956388888889,10.0,33.0,55313.0,9.031,9.018,0.013,23.391,23.357,0.034,0.14
Fowler,36.6333333333333,-119.683333333333,94.0,308.0,5570.0,2.531,2.531,0.0,6.556,6.556,0.0,0.0
Fremont,37.5483333333333,-121.988611111111,71.0,218.0,220000.0,87.61,77.459,10.151,226.91,200.618,26.292,11.59
Fresno,36.75,-119.766666666667,,308.0,509039.0,112.308,111.957,0.351,290.877,289.967,0.91,0.31
Fullerton,33.88,-117.928611111111,50.0,164.0,135161.0,22.36,22.353,0.011,57.921,57.893,0.027,0.05
Galt,38.2608333333333,-121.303055555556,16.0,47.0,23647.0,5.944,5.931,0.013,15.397,15.362,0.035,0.23
Gardena,33.8936111111111,-118.307777777778,15.0,49.0,58829.0,5.865,5.829,0.036,15.191,15.097,0.094,0.62
GardenGrove,33.7788888888889,-117.960277777778,27.0,89.0,170883.0,17.959,17.941,0.018,46.513,46.467,0.046,0.1
Gilroy,37.0119444444444,-121.58,61.0,200.0,48821.0,16.156,16.146,0.01,41.845,41.819,0.027,0.06
Glendale,34.1708333333333,-118.25,159.0,522.0,196021.0,30.583,30.453,0.13,79.212,78.874,0.338,
Glendora,34.1308333333333,-117.854166666667,236.0,774.0,50073.0,19.558,19.393,0.165,50.655,50.228,0.427,
Goleta,34.4405555555556,-119.813611111111,,20.0,29888.0,7.975,7.903,0.072,20.654,20.467,0.187,
Gonzales,36.5066666666667,-121.444444444444,41.0,135.0,8187.0,1.959,1.921,0.038,5.075,4.976,0.098,1.93
GrandTerrace,34.0311111111111,-117.316666666667,324.0,1063.0,12040.0,3.502,3.502,0.0,9.07,9.07,0.0,0.0
GrassValley,39.2191666666667,-121.058333333333,735.0,2411.0,12860.0,4.743,4.743,0.0,12.285,12.285,0.0,0.0
Greenfield,36.3208333333333,-121.243888888889,88.0,289.0,16330.0,2.135,2.135,0.0,5.53,5.53,0.0,0.0
Gridley,39.3638888888889,-121.693611111111,29.0,95.0,6593.0,,2.07,0.0,,2.07,0.0,0.0
GroverBeach,35.1208333333333,-120.619444444444,19.0,62.0,13156.0,2.314,2.31,0.004,5.995,5.983,0.011,0.19
Guadalupe,34.9655555555556,-120.573055555556,26.0,85.0,7080.0,1.314,1.309,0.005,3.405,3.391,0.014,0.4
Gustine,37.2577777777778,-120.998888888889,30.0,98.0,5520.0,1.551,1.551,0.0,4.017,4.017,0.0,0.0
HalfMoonBay,37.4588888888889,-122.436944444444,22.0,72.0,11324.0,6.444,6.424,0.02,16.692,16.639,0.053,0.32
Hanford,36.3275,-119.645555555556,76.0,249.0,55283.0,16.589,16.589,0.0,42.966,42.966,0.0,0.0
HawaiianGardens,33.8286111111111,-118.073611111111,10.0,33.0,14254.0,0.956,0.946,0.01,2.477,2.45,0.027,1.09
Hawthorne,33.9172222222222,-118.348611111111,22.0,72.0,84293.0,6.092,6.081,0.011,15.779,15.75,0.029,0.18
Hayward,37.6688888888889,-122.080833333333,,105.0,149392.0,63.748,45.323,18.425,165.108,117.386,47.721,28.9
Healdsburg,38.6175,-122.866388888889,32.0,105.0,11254.0,4.464,4.457,0.007,11.561,11.543,0.018,0.15
Hemet,33.7419444444444,-116.983055555556,486.0,1594.0,78657.0,27.847,27.847,0.0,72.124,72.124,0.0,0.0
Hercules,38.0172222222222,-122.288611111111,24.0,79.0,24060.0,18.179,6.205,11.974,47.084,16.072,31.012,65.87
HermosaBeach,33.8663888888889,-118.399722222222,8.0,26.0,19506.0,1.427,1.427,0.0,3.695,3.695,0.0,0.0
Hesperia,34.4127777777778,-117.306111111111,971.0,3186.0,90173.0,73.209,73.096,0.113,189.61,189.316,0.294,0.15
HiddenHills,34.1675,-118.660833333333,328.0,1076.0,1856.0,1.689,1.689,0.0,4.373,4.373,0.0,0.0
Highland,34.1183333333333,-117.2025,399.0,1309.0,53014.0,18.89,18.755,0.135,48.924,48.575,0.349,0.71
Hillsborough,37.5602777777778,-122.356388888889,98.0,322.0,10825.0,6.19,6.19,0.0,16.031,16.031,0.0,0.0
Hollister,36.8472222222222,-121.398333333333,88.0,289.0,34928.0,7.29,7.29,0.0,18.88,18.88,0.0,0.0
Holtville,32.8111111111111,-115.380277777778,-3.0,-10.0,5939.0,1.153,1.148,0.005,2.986,2.974,0.012,0.4
Hughson,37.6030555555556,-120.866944444444,38.0,125.0,6640.0,1.815,1.815,0.0,4.701,4.701,0.0,0.0
HuntingtonBeach,33.6927777777778,-118.000277777778,12.0,39.0,197575.0,31.882,26.748,5.134,82.576,69.278,13.298,16.1
HuntingtonPark,33.9833333333333,-118.216666666667,52.0,171.0,58114.0,3.016,3.013,0.003,7.811,7.802,0.008,0.11
Huron,36.2027777777778,-120.103055555556,114.0,374.0,6754.0,1.591,1.591,0.0,4.121,4.121,0.0,0.0
ImperialBeach,32.5783333333333,-117.117222222222,21.0,69.0,26324.0,4.485,4.161,0.324,11.616,10.778,0.838,7.22
Imperial,32.8475,-115.569444444444,-18.0,-59.0,14758.0,5.856,5.856,0.0,15.168,15.168,0.0,0.0
IndianWells,33.7158333333333,-116.341111111111,27.0,89.0,4958.0,14.591,14.321,0.27,37.79,37.091,0.699,1.85
Indio,33.72,-116.231944444444,-4.0,-13.0,76036.0,29.189,29.181,0.008,75.6,75.579,0.021,
Industry,34.0166666666667,-117.95,98.0,322.0,219.0,12.064,11.785,0.279,31.245,30.522,0.723,
Inglewood,33.9575,-118.346111111111,40.0,131.0,109673.0,9.093,9.068,0.025,23.549,23.486,0.064,0.27
Ione,38.3527777777778,-120.932777777778,91.0,299.0,7918.0,4.78,4.765,0.015,12.379,12.341,0.039,0.31
Irvine,33.6841666666667,-117.7925,17.0,45.0,215529.0,66.454,66.106,0.348,172.115,171.214,0.901,0.52
Irwindale,34.1166666666667,-117.966666666667,143.0,469.0,1422.0,9.613,8.826,0.787,24.897,22.859,2.038,8.19
Isleton,38.1619444444444,-121.609166666667,3.0,10.0,804.0,0.492,0.44,0.052,1.272,1.139,0.134,10.5
Jackson,38.3488888888889,-120.774166666667,371.0,1217.0,4651.0,3.73,3.73,0.0,9.66,9.66,0.0,0.0
JurupaValley,33.9994444444444,-117.475277777778,,,97496.0,43.5,43.3,0.2,112.7,112.1,0.6,
Kerman,36.7236111111111,-120.06,67.0,220.0,17303.0,3.233,3.233,0.0,8.372,8.372,0.0,0.0
KingCity,36.2127777777778,-121.126111111111,102.0,335.0,12874.0,3.984,3.845,0.139,10.317,9.958,0.36,3.49
Kingsburg,36.5138888888889,-119.553888888889,92.0,302.0,11382.0,2.828,2.828,0.0,7.325,7.325,0.0,0.0
LaCaadaFlintridge,34.207721,-118.206979,,,20246.0,8.645,8.628,0.017,22.391,22.347,0.044,0.2
Lafayette,37.8858333333333,-122.118055555556,97.5,320.0,24285.0,15.387,15.221,0.166,39.853,39.422,0.431,1.08
LagunaBeach,33.5313888888889,-117.769166666667,6.0,20.0,22723.0,9.821,8.85,0.971,25.435,22.921,2.515,9.89
LagunaHills,33.5997222222222,-117.699444444444,113.0,371.0,30344.0,6.695,6.67,0.025,17.34,17.276,0.064,0.37
LagunaNiguel,,,121.0,397.0,62979.0,14.885,14.833,0.052,38.551,38.418,0.134,0.35
LagunaWoods,33.6091666666667,-117.732777777778,116.0,381.0,18747.0,3.115,3.115,0.0,8.07,8.069,0.0,0.01
LaHabra,33.9319444444444,-117.946111111111,91.0,299.0,60239.0,7.376,7.37,0.006,19.104,19.088,0.016,0.08
LaHabraHeights,33.9638888888889,-117.952777777778,225.0,738.0,5325.0,6.162,6.159,0.003,15.958,15.95,0.007,0.05
LakeElsinore,33.6813888888889,-117.345277777778,395.0,1306.0,51821.0,41.687,36.208,5.479,107.97,93.779,14.19,13.14
LakeForest,33.6416666666667,-117.690833333333,148.0,400.0,77264.0,17.902,17.816,0.086,46.366,46.143,0.223,0.48
Lakeport,39.0430555555556,-122.915833333333,413.0,1355.0,4753.0,3.198,3.058,0.14,8.284,7.92,0.364,4.39
Lakewood,33.8475,-118.12,14.0,46.0,80048.0,9.466,9.415,0.051,24.517,24.384,0.133,
LaMesa,32.7713888888889,-117.022777777778,161.0,528.0,57065.0,9.116,9.076,0.04,23.612,23.507,0.104,
LaMirada,33.9022222222222,-118.009722222222,59.0,194.0,48527.0,7.857,7.84,0.017,20.351,20.306,0.045,0.22
Lancaster,34.6833333333333,-118.15,719.0,2359.0,156633.0,94.547,94.276,0.271,244.876,244.175,0.701,0.29
LaPalma,33.8494444444444,-118.043888888889,14.0,46.0,15568.0,1.832,1.808,0.024,4.744,4.682,0.063,1.32
LaPuente,34.0325,-117.955277777778,107.0,351.0,39816.0,3.48,3.479,0.001,9.012,9.01,0.002,0.02
LaQuinta,33.6752777777778,-116.2975,0.0,,37467.0,35.551,35.117,0.434,92.078,90.954,1.124,1.22
Larkspur,37.9341666666667,-122.535277777778,,43.0,11926.0,3.243,3.027,0.216,8.399,7.84,0.56,6.66
Lathrop,37.8169444444444,-121.288611111111,7.0,20.0,18023.0,23.033,21.931,1.102,59.655,56.8,2.854,4.79
LaVerne,34.1144444444444,-117.771388888889,323.0,1060.0,31063.0,8.562,8.43,0.132,22.175,21.834,0.341,1.54
Lawndale,33.8866666666667,-118.353611111111,18.0,59.0,32769.0,1.974,1.974,0.0,5.113,5.113,0.0,0.0
LemonGrove,32.7413888888889,-117.031666666667,136.0,440.0,25320.0,3.88,3.88,0.0,10.05,10.05,0.0,0.0
Lemoore,36.3008333333333,-119.782777777778,70.0,230.0,25281.0,8.517,8.517,0.0,22.058,22.058,0.0,0.0
Lincoln,38.8872222222222,-121.296111111111,51.0,167.0,42819.0,20.13,20.106,0.024,52.137,52.075,0.062,0.12
Lindsay,36.2,-119.083333333333,118.0,387.0,11768.0,2.61,2.61,0.0,6.759,6.759,0.0,0.0
LiveOakSutterCounty,39.2758333333333,-121.66,,79.0,8392.0,1.869,1.869,0.0,4.839,4.839,0.0,0.0
Livermore,,-121.768055555556,,495.0,83547.0,25.176,25.173,0.003,65.204,65.198,0.007,0.01
Livingston,37.3869444444444,,40.0,131.0,13058.0,3.715,3.715,0.0,9.622,9.622,0.0,0.0
Lodi,38.1288888888889,-121.280833333333,15.0,50.0,62134.0,13.825,13.611,0.214,35.805,35.252,0.553,1.54
LomaLinda,34.0483333333333,-117.250555555556,355.0,1165.0,23261.0,7.517,7.516,0.001,19.47,19.467,0.002,0.01
Lomita,33.7933333333333,-118.316111111111,29.0,95.0,20256.0,1.911,1.911,0.0,4.949,4.949,0.0,0.0
Lompoc,34.6461111111111,-120.460277777778,32.0,105.0,42434.0,11.675,11.597,0.078,30.237,30.037,0.201,
LongBeach,33.7683333333333,-118.195555555556,,0.0,462257.0,51.437,50.293,1.144,133.223,130.259,2.964,
Loomis,38.8163888888889,-121.192777777778,123.0,404.0,6430.0,7.267,7.267,0.0,18.822,18.822,0.0,
LosAlamitos,33.8022222222222,-118.064444444444,7.0,23.0,11449.0,4.116,4.05,0.066,10.659,10.489,0.17,1.6
LosAltos,37.3680555555556,-122.0975,,157.0,28976.0,6.487,6.487,0.0,,,,
LosAltosHills,37.3713888888889,-122.1375,89.0,292.0,7922.0,8.802,8.802,0.0,22.797,22.797,0.0,0.0
LosAngeles,34.05,-118.25,71.0,2.0,3884307.0,503.0,469.0,34.0,1302.0,1214.0,88.0,6.7
LosBanos,37.0583333333333,-120.85,36.0,118.0,35972.0,10.117,9.993,0.124,26.203,25.882,0.321,1.22
LosGatos,37.2361111111111,-121.961666666667,105.0,344.0,29413.0,11.16,11.08,0.08,28.903,28.697,0.206,0.71
Loyalton,39.6766666666667,-120.243055555556,1509.0,4951.0,769.0,0.355,0.355,0.0,0.921,0.921,0.0,0.0
Lynwood,33.9247222222222,-118.201944444444,28.0,92.0,69772.0,4.84,4.84,0.0,12.536,12.536,0.0,0.0
Madera,36.9613888888889,-120.060833333333,83.0,271.0,61416.0,15.789,15.789,0.0,40.894,40.894,0.0,0.0
Malibu,34.03,-118.75,32.0,105.0,12645.0,19.828,19.785,0.043,51.354,51.242,0.113,0.22
MammothLakes,37.6486111111111,-118.971944444444,2402.0,7880.0,8234.0,25.306,24.866,0.44,65.541,64.402,1.139,1.74
ManhattanBeach,33.8888888888889,-118.405277777778,20.0,67.0,35135.0,3.941,3.937,0.004,10.208,10.197,0.01,0.1
Manteca,37.8027777777778,-121.220833333333,11.0,38.0,71067.0,17.757,17.733,0.024,45.991,45.929,0.062,0.13
Maricopa,35.0588888888889,-119.400833333333,269.0,883.0,1154.0,1.502,1.502,0.0,3.89,3.89,0.0,0.0
Marina,36.6844444444444,-121.802222222222,13.0,43.0,29718.0,9.763,8.883,0.88,25.287,23.007,2.28,9.02
Martinez,38.0194444444444,-122.134166666667,7.0,23.0,35824.0,13.135,12.131,1.004,34.019,31.42,2.6,7.64
Marysville,39.15,-121.583333333333,19.0,62.0,12072.0,3.585,3.464,0.121,9.284,8.971,0.312,3.36
Maywood,33.9877777777778,-118.186666666667,46.0,151.0,27395.0,1.178,1.178,0.0,3.052,3.052,0.0,0.0
McFarland,35.6780555555556,-119.229166666667,108.0,354.0,13745.0,2.668,2.668,0.0,6.91,6.91,0.0,0.0
Mendota,36.7536111111111,-120.381666666667,53.0,174.0,11014.0,3.281,3.278,0.003,8.499,8.491,0.008,0.1
Menifee,33.6783333333333,-117.166944444444,434.0,1424.0,77519.0,46.607,46.466,0.141,120.711,120.345,0.365,0.3
MenloPark,37.4527777777778,-122.183333333333,22.0,72.0,32026.0,17.415,9.79,7.625,45.105,25.355,19.75,
Merced,37.3,-120.483333333333,52.0,171.0,80793.0,23.316,23.316,0.0,60.389,60.389,0.0,
Millbrae,37.6008333333333,-122.401388888889,,33.0,21536.0,3.259,3.247,0.012,8.439,8.409,0.03,
MillValley,37.9061111111111,-122.545,,79.0,13903.0,4.847,4.763,0.084,12.555,12.336,0.219,
Milpitas,37.4347222222222,-121.895,5.0,16.0,70092.0,13.641,13.591,0.05,35.328,35.2,0.128,0.36
MissionViejo,33.6127777777778,-117.656111111111,121.0,448.0,96346.0,18.123,17.739,0.384,46.939,45.944,0.995,2.12
Modesto,37.6613888888889,-120.994444444444,27.0,89.0,201165.0,37.092,36.867,0.225,96.069,95.486,0.583,0.61
Monrovia,34.1441666666667,-118.001944444444,174.0,571.0,36590.0,13.714,13.605,0.109,35.519,35.237,0.282,0.79
Montague,41.7272222222222,-122.526388888889,774.0,2539.0,1443.0,1.793,1.778,0.015,4.644,4.605,0.039,0.85
Montclair,34.0708333333333,-117.6975,326.0,1066.0,36664.0,5.517,5.517,0.0,14.289,14.289,0.0,0.0
Montebello,34.0144444444444,-118.114444444444,61.0,200.0,62500.0,8.373,8.333,0.04,21.685,21.581,0.104,0.48
Monterey,36.6,-121.9,8.0,26.0,27810.0,11.764,8.466,3.298,30.469,21.927,8.542,28.03
MontereyPark,34.0491666666667,-118.135555555556,117.0,384.0,60269.0,7.733,7.672,0.061,20.029,19.87,0.158,0.79
MonteSereno,37.2380555555556,-121.989444444444,,515.0,3341.0,1.615,1.615,0.0,4.184,4.184,0.0,0.0
Moorpark,34.2808333333333,-118.873333333333,157.0,515.0,34421.0,12.799,12.579,0.22,33.149,32.58,0.569,1.72
Moraga,37.835,-122.129722222222,,,16016.0,9.442,9.433,0.009,24.455,24.432,0.023,0.09
MorenoValley,33.9430555555556,-117.228333333333,497.0,1631.0,193365.0,51.475,51.275,0.2,133.319,132.8,0.519,0.39
MorganHill,37.1305555555555,-121.654444444444,107.0,350.0,37882.0,12.882,12.882,0.0,33.363,33.363,0.0,0.0
MorroBay,35.3791666666667,-120.853333333333,19.0,62.0,10234.0,10.322,5.303,5.019,26.734,13.734,13.0,48.63
MountainView,37.3894444444444,-122.081944444444,32.0,105.0,74066.0,12.273,11.995,0.278,31.788,31.068,0.72,2.26
MountShasta,,,1099.0,3606.0,3394.0,3.77,3.766,0.004,9.764,9.754,0.01,0.1
Murrieta,33.5694444444445,-117.2025,334.0,1096.0,103466.0,33.613,33.577,0.036,87.058,86.964,0.094,0.11
Napa,38.3047222222222,-122.298888888889,,20.0,76915.0,18.147,17.839,0.308,47.0,46.203,0.797,1.69
NationalCity,32.6780555555556,-117.099166666667,21.0,69.0,58582.0,9.116,7.277,1.839,23.609,18.847,4.762,20.17
Needles,34.8383333333333,-114.611111111111,151.0,495.0,4844.0,31.275,30.808,0.467,81.002,79.793,1.209,
NevadaCity,39.2613888888889,-121.018611111111,755.0,2477.0,3068.0,2.192,2.188,0.004,5.677,5.667,0.01,
Newark,37.5333333333333,-122.033333333333,,20.0,43539.0,13.898,13.875,0.023,35.996,35.936,0.061,
Newman,37.315,-121.0225,27.0,89.0,10224.0,2.102,2.102,0.0,5.444,5.444,0.0,0.0
NewportBeach,33.6166666666667,-117.8975,3.0,,85186.0,52.978,23.805,29.173,137.211,61.654,75.557,55.07
Norco,33.9311111111111,-117.548611111111,195.0,640.0,27063.0,14.278,13.962,0.316,36.98,36.161,0.819,2.22
Norwalk,33.9069444444444,-118.083333333333,28.0,92.0,105549.0,9.746,9.707,0.039,25.243,25.141,0.102,0.4
Novato,38.1075,-122.569722222222,9.0,30.0,51904.0,27.957,27.44,0.517,72.407,71.068,1.339,1.85
Oakdale,37.7691666666667,-120.856944444444,48.0,157.0,20675.0,6.095,6.045,0.05,15.784,15.655,0.129,0.81
Oakland,37.8044444444444,-122.270833333333,,43.0,406253.0,78.002,55.786,22.216,202.024,144.485,57.54,28.48
Oakley,37.9975,-121.7125,6.0,20.0,35432.0,16.155,15.853,0.302,41.842,41.059,0.783,1.87
Oceanside,33.2116666666667,-117.325833333333,20.0,66.0,183095.0,42.174,41.235,0.939,109.231,106.798,2.433,2.23
Ojai,34.4491666666667,-119.246666666667,227.0,745.0,7461.0,4.401,4.386,0.015,11.398,11.359,0.04,0.35
Ontario,34.0527777777778,-117.627777777778,282.0,925.0,163924.0,50.006,49.941,0.065,129.515,129.345,0.17,0.13
Orange,33.8030555555556,-117.8325,59.0,195.0,136416.0,25.24,24.797,0.443,65.371,64.224,1.147,1.75
OrangeCove,36.6244444444444,-119.313611111111,129.0,423.0,9078.0,1.912,1.912,0.0,4.951,4.951,0.0,0.0
Orinda,37.8827777777778,-122.179722222222,151.0,495.0,18342.0,12.698,12.683,0.015,32.887,32.848,0.039,0.12
Orland,39.7475,-122.196388888889,79.0,259.0,7291.0,2.971,2.971,0.0,7.696,7.696,0.0,0.0
Oroville,39.5166666666667,-121.55,51.0,167.0,15506.0,13.011,12.993,0.018,33.701,33.653,0.048,0.14
Oxnard,34.1913888888889,-119.1825,16.0,52.0,203585.0,39.208,26.894,12.314,101.548,69.656,31.893,31.41
Pacifica,37.6227777777778,-122.485555555556,25.0,82.0,37234.0,12.66,12.658,0.002,32.789,32.784,0.005,0.01
PacificGrove,36.6177777777778,-121.916666666667,46.0,151.0,15295.0,4.003,2.865,1.138,10.366,7.419,2.946,28.42
Palmdale,34.5811111111111,-118.100555555556,810.0,2657.0,152750.0,106.216,105.961,0.255,275.099,274.439,0.66,0.24
PalmDesert,33.7255555555556,-116.369444444444,67.0,220.0,48445.0,27.014,26.81,0.204,69.966,69.437,0.529,0.76
PalmSprings,33.8238888888889,-116.530277777778,146.0,440.0,44552.0,94.975,94.116,0.859,245.984,243.761,2.224,0.9
PaloAlto,37.4291666666667,-122.138055555556,9.0,30.0,64403.0,25.787,23.884,1.903,66.787,61.858,4.929,7.38
PalosVerdesEstates,33.7869444444444,-118.396666666667,64.0,210.0,13438.0,4.774,4.774,0.0,12.365,12.364,0.001,0.01
Paradise,39.7597222222222,-121.621388888889,542.0,1778.0,26249.0,18.322,18.308,0.014,47.455,47.418,0.037,0.08
Paramount,33.9,-118.166666666667,21.0,69.0,54098.0,4.84,4.729,0.111,12.536,12.249,0.286,2.28
Parlier,36.6116666666667,-119.526944444444,105.0,344.0,14494.0,2.194,2.194,0.0,5.682,5.682,0.0,0.0
Pasadena,34.1561111111111,-118.131944444444,263.0,863.0,137122.0,23.128,22.97,0.158,59.902,59.493,0.409,0.68
PasoRobles,35.6408333333333,-120.653888888889,242.0,,29792.0,19.425,19.12,0.305,50.312,49.522,0.79,1.57
Patterson,37.4730555555556,-121.132777777778,31.0,102.0,20413.0,5.954,5.954,0.0,15.421,15.421,0.0,0.0
Perris,33.7966666666667,-117.224444444444,443.0,1453.0,71326.0,31.503,31.393,0.11,81.594,81.308,0.286,0.35
Petaluma,38.2458333333333,-122.631388888889,9.0,30.0,58921.0,14.489,14.382,0.107,37.527,37.249,0.278,0.74
PicoRivera,33.9888888888889,-118.089166666667,50.0,164.0,62942.0,8.882,8.296,0.586,23.003,21.485,1.518,6.6
Piedmont,37.8166666666667,-122.233333333333,,331.0,10667.0,1.678,1.678,0.0,4.345,4.345,0.0,0.0
Pinole,38.0044444444444,-122.291111111111,31.0,23.0,18390.0,13.575,5.323,8.252,35.16,13.787,21.372,60.79
PismoBeach,35.1483333333333,-120.648055555556,17.0,56.0,7655.0,13.476,3.599,9.877,34.904,9.322,25.582,73.29
Pittsburg,38.0280555555556,-121.884722222222,8.0,26.0,63264.0,19.154,17.218,1.936,49.61,44.595,5.015,10.11
Placentia,33.8825,-117.855,83.0,272.0,50533.0,6.582,6.568,0.014,17.048,17.011,0.037,
Placerville,38.7297222222222,-120.798611111111,,1867.0,10389.0,5.813,5.812,0.001,15.054,15.052,0.002,
PleasantHill,37.9480555555556,-122.0525,16.0,52.0,33152.0,7.072,7.072,0.0,18.315,18.315,0.0,
Pleasanton,37.6625,-121.874722222222,,351.0,70285.0,24.266,24.113,0.153,62.847,62.452,0.395,
Plymouth,38.4819444444444,-120.844722222222,330.0,1083.0,1005.0,0.944,0.931,0.013,2.444,2.411,0.033,1.34
PointArena,38.9088888888889,-123.693055555556,36.0,118.0,449.0,1.35,1.35,0.0,3.496,3.496,0.0,0.0
Pomona,34.0608333333333,-117.755833333333,259.0,850.0,1.0,22.964,22.952,0.012,59.474,59.444,0.03,0.05
Porterville,36.0686111111111,-119.0275,139.0,459.0,55697.0,17.679,17.607,0.072,45.79,45.603,0.188,0.41
PortHueneme,34.1602777777778,-119.194444444444,4.0,12.0,21723.0,4.671,4.451,0.22,12.096,11.528,0.569,4.7
Portola,39.8102777777778,-120.469722222222,1480.0,4856.0,2104.0,5.407,5.407,0.0,14.003,14.003,0.0,0.0
PortolaValley,37.375,-122.218611111111,140.0,459.0,4353.0,9.093,9.092,0.001,23.551,23.547,0.004,0.02
Poway,32.97,-117.038611111111,157.0,515.0,47811.0,39.165,39.079,0.086,101.438,101.214,0.223,0.22
RanchoCordova,38.5891666666667,-121.302777777778,27.0,89.0,64776.0,33.874,33.507,0.367,87.733,86.782,0.951,1.08
RanchoCucamonga,34.1233333333333,-117.579444444444,368.0,1207.0,170746.0,39.871,39.851,0.02,103.263,103.212,0.051,0.05
RanchoMirage,33.7691666666667,-116.421111111111,83.0,272.0,17218.0,,24.447,0.389,64.326,63.318,1.008,1.57
RanchoPalosVerdes,33.7583333333333,-118.364166666667,67.0,220.0,41643.0,13.465,13.465,0.0,34.875,34.874,0.001,0.0
RanchoSantaMargarita,33.6413888888889,-117.594444444444,290.0,775.0,47853.0,12.992,12.957,0.035,33.651,33.56,0.091,
RedBluff,40.1766666666667,-122.238055555556,93.0,305.0,24674.0,7.677,7.563,0.114,19.882,19.587,0.295,
Redding,40.5833333333333,-122.366666666667,151.0,495.0,92328.0,61.175,59.647,1.528,158.442,154.485,3.957,
Redlands,34.0547222222222,-117.1825,414.0,1358.0,68747.0,,36.126,0.301,94.344,93.565,0.779,
RedondoBeach,33.8563888888889,-118.376944444444,,62.0,66748.0,6.208,6.198,,16.08,16.054,0.026,0.16
RedwoodCity,37.4827777777778,-122.236111111111,6.0,20.0,76815.0,34.625,19.42,15.205,89.677,50.297,39.38,43.91
Reedley,36.5963888888889,-119.450277777778,106.0,348.0,24194.0,5.156,5.084,0.072,13.352,13.166,0.185,1.39
Rialto,34.1113888888889,-117.3825,383.0,1257.0,101740.0,22.365,22.351,0.014,57.926,57.889,0.037,0.06
Richmond,37.9358333333333,-122.347777777778,14.0,46.0,103701.0,52.48,30.068,22.412,135.923,77.875,58.048,42.71
Ridgecrest,35.6225,-117.670833333333,698.0,2290.0,27616.0,21.417,20.766,0.651,55.469,53.783,1.685,3.04
RioDell,40.4991666666667,-124.106388888889,49.0,161.0,3363.0,2.418,2.282,0.136,6.261,5.91,0.351,5.61
RioVista,38.1638888888889,-121.695833333333,6.0,20.0,7360.0,7.094,6.691,0.403,18.375,17.33,1.044,
Ripon,37.7405555555556,-121.128333333333,21.0,69.0,14297.0,5.495,5.305,0.19,14.232,13.739,0.493,
Riverbank,37.7313888888889,-120.943611111111,43.0,141.0,22678.0,4.116,4.092,0.024,10.661,10.599,0.062,
Riverside,33.9480555555556,-117.396111111111,262.0,860.0,313673.0,81.444,81.14,0.304,210.941,210.152,0.788,
Rocklin,38.8,-121.246666666667,79.0,249.0,56974.0,19.594,19.541,0.053,50.749,50.61,0.139,0.27
RohnertPark,38.3472222222222,-122.695277777778,32.0,105.0,40971.0,7.008,7.003,0.005,18.149,18.136,0.013,0.07
RollingHills,33.7594444444444,-118.341666666667,389.0,1276.0,1860.0,2.991,2.991,0.0,7.746,7.746,0.0,0.0
RollingHillsEstates,33.7736111111111,-118.360833333333,143.0,469.0,8067.0,3.613,3.569,0.044,9.359,9.244,0.115,1.22
Rosemead,34.0666666666667,-118.083333333333,97.0,318.0,53764.0,5.176,5.162,0.014,13.406,13.37,0.035,0.26
Roseville,38.7525,-121.289444444444,50.0,164.0,127323.0,36.223,36.222,0.001,93.817,93.814,0.003,0.0
Ross,37.9625,-122.555,11.0,36.0,2415.0,1.556,1.556,0.0,4.031,4.031,0.0,0.0
Sacramento,38.5555555555555,-121.468888888889,9.0,30.0,466488.0,100.105,97.915,2.19,259.273,253.6,5.673,2.19
Salinas,36.6777777777778,-121.655555555556,16.0,52.0,163665.0,23.217,23.179,0.038,60.131,60.033,0.099,0.16
SanAnselmo,37.9747222222222,-122.561666666667,14.0,46.0,12336.0,2.677,2.677,0.0,6.934,6.934,0.0,0.0
SanBernardino,34.1,-117.3,321.0,1974.0,209924.0,59.645,59.201,0.444,154.48,153.33,1.15,0.74
SanBruno,37.6252777777778,-122.425277777778,5.0,16.0,41114.0,5.478,5.478,0.0,14.188,14.188,0.0,0.0
SanCarlos,37.4991666666667,-122.263333333333,,33.0,28406.0,5.541,5.538,0.003,14.35,14.343,0.007,0.05
SanClemente,33.4377777777778,-117.620277777778,71.0,250.0,63522.0,,18.711,0.757,50.422,48.461,1.961,3.89
SandCity,36.6172222222222,-121.848333333333,22.0,72.0,334.0,2.924,0.562,2.362,7.575,1.457,6.119,80.77
SanDiego,32.715,-117.1625,6.0,3.0,1345895.0,372.4,325.19,47.21,964.51,842.23,122.27,12.68
SanDimas,34.1027777777778,-117.816111111111,,750.0,33371.0,15.427,15.037,0.39,39.957,38.947,1.01,2.53
SanFernando,34.2872222222222,-118.438888888889,326.0,1070.0,23645.0,2.374,2.374,0.0,6.149,6.149,0.0,0.0
SanFrancisco,37.7833333333333,-122.416666666667,,52.0,837442.0,231.89,46.87,185.02,,,,80.0
SanGabriel,34.0941666666667,-118.098333333333,128.0,420.0,39718.0,4.146,4.145,0.001,10.736,10.734,0.002,0.02
Sanger,36.7080555555556,-119.555833333333,,371.0,24270.0,5.524,5.524,0.0,14.307,14.307,0.0,
SanJacinto,33.7872222222222,-116.966666666667,477.0,1565.0,44199.0,26.131,25.716,0.415,67.679,66.605,1.074,
SanJoaquin,36.6066666666667,-120.189166666667,53.0,174.0,4001.0,1.148,1.148,0.0,2.973,2.973,0.0,
SanJose,37.3333333333333,-121.9,26.0,,1000536.0,179.97,176.526,3.439,466.109,457.201,8.908,
SanJuanBautista,36.8441666666667,-121.537222222222,66.0,217.0,1862.0,0.711,0.711,0.0,1.843,1.842,0.001,0.06
SanJuanCapistrano,33.4994444444444,-117.661666666667,37.0,96.0,34593.0,14.295,14.115,0.18,37.024,36.559,0.466,1.26
SanLeandro,37.725,-122.156111111111,15.0,56.0,86869.0,15.663,13.343,2.32,40.565,34.557,6.008,14.81
SanLuisObispo,35.2741666666667,-120.663055555556,71.0,233.0,45119.0,12.93,12.777,0.153,33.489,33.093,0.396,1.18
SanMarcos,33.1419444444444,-117.170277777778,,,83781.0,24.39,24.37,0.02,63.169,63.117,0.053,0.08
SanMarino,34.1227777777778,-118.113055555556,172.0,564.0,13147.0,3.774,3.767,0.007,9.775,9.757,0.018,0.18
SanMateo,37.5541666666667,-122.313055555556,13.0,43.0,97207.0,15.884,12.13,3.754,41.137,31.416,9.722,23.63
SanPablo,37.9622222222222,-122.345555555556,16.0,52.0,29139.0,2.634,2.634,0.0,6.822,6.822,0.0,0.0
SanRafael,37.9736111111111,-122.531111111111,13.0,43.0,57713.0,22.422,16.47,5.952,58.074,42.657,15.417,26.55
SanRamon,37.78,-121.978055555556,146.0,480.0,73927.0,18.077,18.061,0.016,46.819,46.778,0.042,0.09
SantaAna,33.7408333333333,-117.881388888889,35.0,115.0,324528.0,27.518,27.27,0.248,71.271,70.628,0.643,0.9
SantaBarbara,34.4258333333333,-119.714166666667,15.0,49.0,90893.0,41.968,19.468,22.5,108.697,50.422,58.275,53.61
SantaClara,37.3544444444444,-121.969166666667,23.0,75.0,116468.0,18.407,18.407,0.0,47.675,47.675,0.0,0.0
SantaClarita,34.4166666666667,-118.506388888889,368.0,1207.0,209130.0,62.16,62.1,0.06,160.993,160.825,0.168,
SantaCruz,36.9719444444444,-122.026388888889,11.0,36.0,62864.0,15.828,12.74,3.088,40.996,32.997,7.999,
SantaFeSprings,33.9375,-118.067222222222,41.0,135.0,16223.0,8.914,,0.04,23.088,22.985,0.103,
SantaMaria,34.9513888888889,-120.433333333333,67.0,220.0,101459.0,23.395,22.756,0.639,60.592,58.937,1.655,
SantaMonica,34.0219444444444,-118.481388888889,,105.0,89736.0,8.416,8.415,0.001,,,,
SantaPaula,34.3558333333333,-119.068333333333,85.0,279.0,29321.0,4.707,4.593,0.114,12.189,11.895,0.294,2.41
SantaRosa,38.4486111111111,-122.704722222222,50.0,164.0,170685.0,41.499,41.294,0.205,107.481,106.95,0.531,0.49
Santee,32.8697222222222,-116.971111111111,105.0,345.0,53413.0,16.528,16.235,0.293,42.808,42.049,0.759,1.77
Saratoga,37.2725,-122.019444444444,,410.0,29926.0,12.382,12.382,0.0,32.07,32.07,0.0,0.0
Sausalito,37.8591666666667,-122.485277777778,4.0,13.0,7061.0,2.257,1.771,0.486,5.846,4.586,1.259,21.54
ScottsValley,37.0513888888889,-122.013333333333,171.0,561.0,11580.0,4.595,4.595,0.0,11.9,11.9,0.0,0.0
SealBeach,33.7591666666667,-118.0825,4.0,13.0,24168.0,13.04,11.286,1.754,33.775,29.231,4.544,13.45
Seaside,36.6111111111111,-121.844722222222,10.0,33.0,33025.0,9.376,9.237,0.139,24.282,23.923,0.359,1.48
Sebastopol,38.3991666666667,-122.826944444444,25.0,82.0,7379.0,1.853,1.853,0.0,4.799,4.799,0.0,0.0
Selma,36.5708333333333,-119.611944444444,94.0,308.0,23219.0,5.136,5.136,0.0,13.303,13.303,0.0,0.0
Shafter,35.5005555555556,-119.271666666667,106.0,348.0,16988.0,27.945,27.945,0.0,72.376,72.376,0.0,0.0
ShastaLake,40.6780555555556,-122.37,246.0,810.0,10164.0,10.929,10.921,0.008,28.305,28.284,0.02,0.07
SierraMadre,34.1647222222222,-118.050833333333,252.0,827.0,10917.0,2.957,2.953,0.004,7.659,7.647,0.012,0.15
SignalHill,33.79935,-118.16558,45.0,148.0,11465.0,2.191,2.189,0.002,5.673,5.669,0.004,0.08
SimiValley,34.2711111111111,-118.739444444444,234.0,768.0,126874.0,42.247,41.48,0.767,109.418,107.433,1.986,1.81
SolanaBeach,32.9952777777778,-117.260277777778,22.0,72.0,12867.0,3.624,3.52,0.104,9.386,9.115,0.27,
Soledad,36.4247222222222,-121.326388888889,58.0,190.0,25738.0,4.566,4.414,,11.825,11.432,0.393,3.32
Solvang,34.5938888888889,-120.139722222222,154.0,505.0,5245.0,2.426,2.425,0.001,6.284,6.281,0.003,0.05
Sonoma,38.2888888888889,-122.458888888889,26.0,85.0,10648.0,2.742,2.742,0.0,7.102,7.102,0.0,0.0
Sonora,37.9844444444444,-120.381666666667,544.0,1785.0,7169.0,3.078,3.064,0.014,7.972,7.936,0.036,0.45
SouthElMonte,34.0488888888889,-118.048333333333,76.0,249.0,20116.0,2.848,2.843,0.005,7.378,7.364,0.014,0.19
SouthGate,33.9441666666667,-118.195,37.0,120.0,94396.0,7.353,7.236,0.117,19.044,18.742,0.303,1.59
SouthLakeTahoe,38.94,-119.976944444444,1901.0,6237.0,21403.0,16.603,10.161,6.442,43.003,26.318,16.685,38.8
SouthPasadena,34.1130555555556,-118.155833333333,201.0,659.0,25619.0,3.417,3.405,0.012,8.851,8.82,0.031,0.35
SouthSanFrancisco,37.6561111111111,-122.425555555556,4.0,13.0,64409.0,30.158,9.141,21.017,78.109,23.674,54.435,69.69
Stanton,33.8025,-117.994444444444,20.0,66.0,38186.0,3.15,3.15,0.0,8.158,8.158,0.0,0.0
StHelena,38.5052777777778,-122.470277777778,77.0,253.0,5814.0,5.027,4.986,0.041,13.019,12.913,0.106,0.81
Stockton,37.9755555555556,-121.300833333333,4.0,13.0,301090.0,64.753,61.67,3.083,167.708,159.723,7.985,4.76
SuisunCity,38.245,-122.016944444444,2.0,7.0,28111.0,4.163,4.105,0.058,10.783,10.633,0.15,1.39
Sunnyvale,37.3711111111111,-122.0375,39.0,128.0,140081.0,22.689,21.987,0.702,58.765,56.947,1.818,3.09
Susanville,40.4163888888889,-120.653055555556,1276.0,4186.0,17974.0,8.017,7.931,0.086,20.763,20.541,0.222,1.07
SutterCreek,38.3930555555556,-120.8025,362.0,1188.0,2501.0,2.558,2.558,0.0,6.625,6.625,0.0,0.0
Taft,35.1425,-119.456388888889,291.0,955.0,9327.0,15.113,15.113,0.0,39.143,39.143,0.0,0.0
Tehachapi,35.1322222222222,-118.448888888889,1210.0,3970.0,14414.0,9.971,9.874,0.097,25.823,25.573,0.25,0.97
Tehama,40.0244444444444,-122.123888888889,64.0,210.0,418.0,0.794,0.794,0.0,2.057,2.057,0.0,0.0
Temecula,33.5033333333333,-117.123611111111,310.59,1019.0,105208.0,30.167,30.151,0.016,78.133,78.092,0.042,0.05
TempleCity,34.1027777777778,-118.058055555556,122.0,400.0,35558.0,4.006,4.006,0.0,10.374,10.374,0.0,0.0
ThousandOaks,34.1894444444444,-118.875,270.0,886.0,128374.0,55.181,55.031,0.15,142.918,142.53,0.387,0.27
Tiburon,37.8736111111111,-122.456666666667,4.0,13.0,8962.0,13.182,4.446,8.736,34.14,11.515,22.625,66.27
Torrance,33.8347222222222,-118.341388888889,27.0,89.0,147027.0,20.553,20.478,0.075,53.233,53.038,0.195,0.37
Tracy,37.7380555555556,-121.433888888889,16.0,52.0,82922.0,22.139,22.003,0.136,57.34,56.987,0.352,0.61
Trinidad,41.0591666666667,-124.143055555556,53.0,174.0,367.0,0.671,0.485,0.186,1.737,1.255,0.482,27.75
Truckee,39.3422222222222,-120.203611111111,1773.0,5817.0,16180.0,33.654,32.322,1.332,87.162,83.713,3.449,3.96
Tulare,36.2066666666667,-119.3425,88.0,289.0,59278.0,21.016,20.931,0.085,54.433,54.212,0.221,0.41
Tulelake,41.9541666666667,-121.475833333333,1230.0,4035.0,1010.0,0.412,0.41,0.002,1.067,1.061,0.006,0.58
Turlock,37.5058333333333,-120.848888888889,31.0,102.0,69733.0,16.928,16.928,0.0,43.844,43.844,0.0,0.0
Tustin,33.7397222222222,-117.813611111111,43.0,141.0,75540.0,11.082,11.082,0.0,28.701,28.701,0.0,0.0
TwentyninePalms,34.1383333333333,-116.0725,607.0,1991.0,25768.0,59.143,59.143,0.0,153.179,153.179,0.0,0.0
Ukiah,39.1502777777778,-123.207777777778,193.0,639.0,16075.0,4.722,4.67,0.052,12.232,12.096,0.136,1.11
UnionCity,37.5869444444444,-122.025833333333,,,72155.0,19.0,19.0,0.0,,,,
Upland,34.1,-117.65,405.0,1328.0,73732.0,15.651,15.617,0.034,40.535,40.448,0.087,0.21
Vacaville,38.3538888888889,-121.972777777778,53.0,174.0,92428.0,28.585,28.373,0.212,74.034,73.485,0.55,0.74
Vallejo,38.1130555555556,-122.235833333333,21.0,60.0,115942.0,49.5,30.6,18.8,128.3,79.4,48.8,38.0
Ventura,34.275,-119.227777777778,,,106433.0,32.095,21.655,10.44,83.124,56.085,27.039,32.53
Vernon,34.0011111111111,-118.211111111111,62.0,203.0,112.0,5.157,4.973,0.184,13.357,12.88,0.476,3.57
Victorville,34.5361111111111,-117.288333333333,832.0,2726.0,120336.0,73.741,73.178,0.563,190.988,189.529,1.459,0.76
VillaPark,33.8161111111111,-117.811111111111,104.0,341.0,5812.0,2.078,2.078,0.0,5.383,5.383,0.0,0.0
Visalia,36.3166666666667,-119.3,101.0,331.0,124442.0,36.266,36.246,0.02,93.928,93.876,0.0512,0.05
Vista,33.1936111111111,-117.241111111111,99.0,325.0,93834.0,18.678,18.678,0.0,48.377,48.377,0.0,0.0
Walnut,34.0333333333333,-117.866666666667,171.0,561.0,29172.0,8.996,8.992,0.004,23.3,23.29,0.01,0.04
WalnutCreek,37.9063888888889,-122.065,,131.0,64173.0,19.769,19.757,0.012,51.201,51.169,0.031,0.06
Wasco,35.5941666666667,-119.340833333333,100.0,328.0,25545.0,9.426,9.426,0.0,24.413,24.413,0.0,0.0
Waterford,37.645,-120.7675,52.0,171.0,8456.0,2.369,2.328,0.041,6.135,6.03,0.105,1.72
Watsonville,36.92,-121.763611111111,9.0,29.0,51199.0,6.783,6.687,0.096,17.569,17.319,0.25,1.42
Weed,41.4241666666667,-122.384444444444,1044.0,3425.0,2967.0,4.795,4.79,0.005,12.417,12.405,0.012,0.1
WestCovina,34.0566666666667,-117.918611111111,110.0,362.0,106098.0,16.09,16.041,0.049,41.671,41.545,0.126,0.3
WestHollywood,34.0877777777778,-118.372222222222,86.0,282.0,34650.0,1.887,1.887,0.0,4.888,4.888,0.0,0.0
WestlakeVillage,34.1419444444444,-118.819444444444,268.0,880.0,8270.0,5.509,5.185,0.32,14.257,13.43,0.828,5.8
Westminster,33.7513888888889,-117.993888888889,12.0,39.0,89701.0,10.049,10.049,0.0,26.027,26.027,0.0,0.0
Westmorland,33.0372222222222,-115.621388888889,,-164.0,2225.0,0.59,0.59,0.0,1.529,1.529,0.0,0.0
WestSacramento,38.5805555555556,-121.530277777778,6.0,20.0,48744.0,22.846,21.425,1.421,59.172,55.491,3.681,6.22
Wheatland,39.01,-121.423055555556,28.0,92.0,3456.0,1.486,1.479,0.007,3.848,3.831,0.017,0.45
Whittier,33.9655555555556,-118.024444444444,112.0,367.0,85331.0,14.7,14.7,0.016,37.0,37.0,0.041,0.11
Wildomar,33.6036111111111,-117.272777777778,387.0,1270.0,32176.0,23.688,23.688,0.0,61.351,61.351,0.0,0.0
Williams,39.1547222222222,-122.149444444444,25.0,82.0,5123.0,5.444,5.444,0.0,14.101,14.101,0.0,0.0
Willits,39.4097222222222,-123.355555555556,424.0,1391.0,4888.0,2.803,2.798,0.005,7.26,7.248,0.013,0.17
Willows,39.5244444444444,-122.193611111111,42.0,138.0,6166.0,2.873,2.847,0.026,7.441,7.373,0.068,0.92
Windsor,38.5461111111111,-122.805277777778,36.0,118.0,26801.0,7.293,7.268,0.025,18.888,18.824,0.064,0.34
Winters,38.525,-121.970833333333,40.0,131.0,6624.0,2.937,2.912,0.025,7.607,7.543,0.065,0.85
Woodlake,36.4163888888889,-119.099444444444,134.0,440.0,7279.0,2.765,2.248,0.517,7.159,5.821,1.338,18.69
Woodland,38.6786111111111,-121.773333333333,21.0,69.0,55468.0,15.303,15.303,0.0,39.634,39.634,0.0,0.0
Woodside,37.4208333333333,-122.259722222222,117.0,384.0,5287.0,11.732,11.732,0.0,30.386,30.386,0.0,0.0
YorbaLinda,33.888551,-117.813231,82.3,270.0,65237.0,20.018,19.483,0.535,51.847,50.46,1.387,2.67
Yountville,38.4030555555555,-122.362222222222,30.0,98.0,2933.0,1.531,1.531,0.0,3.966,3.966,0.0,0.0
Yreka,41.7266666666667,-122.6375,787.0,2582.0,7765.0,10.053,9.98,0.073,26.036,25.847,0.188,0.72
YubaCity,39.1347222222222,-121.626111111111,18.0,59.0,64925.0,14.656,14.578,0.078,37.959,37.758,0.201,0.53
Yucaipa,34.0302777777778,-117.048611111111,798.0,2618.0,51367.0,27.893,27.888,0.005,72.244,72.231,0.013,0.02
YuccaValley,34.1333333333333,-116.416666666667,1027.0,3369.0,20700.0,40.015,40.015,0.0,103.639,103.639,0.0,0.0
